{"cameraMode":{"drawMode":0,"name":"Shaded","section":"Shading Mode"},"sceneLighting":true,"audioPlay":false,"sceneViewState":{"m_AlwaysRefresh":false,"showFog":true,"showSkybox":true,"showFlares":true,"showImageEffects":true,"showParticleSystems":true,"showVisualEffectGraphs":true,"m_FxEnabled":true},"in2DMode":false,"pivot":{"x":0.07266408205032349,"y":0.39599692821502688,"z":-3.463632345199585},"rotation":{"x":0.43648678064346316,"y":-0.22741688787937165,"z":0.11503452807664871,"w":0.8628922700881958},"size":0.8616845011711121,"orthographic":false}