{"cameraMode":{"drawMode":0,"name":"Shaded","section":"Shading Mode"},"sceneLighting":true,"audioPlay":false,"sceneViewState":{"m_AlwaysRefresh":false,"showFog":true,"showSkybox":true,"showFlares":true,"showImageEffects":true,"showParticleSystems":true,"showVisualEffectGraphs":true,"m_FxEnabled":true},"in2DMode":false,"pivot":{"x":-4.53217077255249,"y":3.3439183235168459,"z":-8.936701774597168},"rotation":{"x":-0.09829466044902802,"y":-0.13037870824337007,"z":0.012994661927223206,"w":-0.9865304231643677},"size":0.8616845011711121,"orthographic":false}